{"0": [0.03999696, 0.167124372, 0.269297992, 0.249609761, 0.168991357, 0.104979558], "1": [0.084309916, 0.322018618, 0.203434177, 0.164083881, 0.130593599, 0.095559809], "2": [0.114758606, 0.131313183, 0.186364106, 0.236132496, 0.182600412, 0.148831197], "3": [0.415731269, 0.11005165, 0.10566448, 0.159311591, 0.12121445, 0.088026561], "4": [0.056625248, 0.148657341, 0.209864557, 0.220504636, 0.203263101, 0.161085118], "5": [0.075464078, 0.212211554, 0.215700339, 0.198880772, 0.167414306, 0.130328951]}