{"1": [0.06800776245213137, 0.1429463806057834, 0.1729095670096954, 0.19637873193009542, 0.2228612157223806, 0.1968963422799142], "2": [0.08430991581983382, 0.3220186183680198, 0.20343417731062605, 0.16408388077792532, 0.13059359851906382, 0.09555980920453107], "3": [0.07166678455598781, 0.14454306277846812, 0.20900232782720274, 0.22893303161599846, 0.19410326925821184, 0.15175152396413108], "4": [0.040418111610516304, 0.16913180573742495, 0.2690063595779665, 0.24653332402113967, 0.16813697032884325, 0.10677342872410937], "5": [0.07740740053328815, 0.21320993237067742, 0.21241879501528765, 0.1985752766726218, 0.16816355548490408, 0.1302250399232207], "6": [0.41573126905496205, 0.11005164954578901, 0.10566447950118901, 0.159311591087095, 0.121214449821831, 0.0880265609891344]}